name,category,activity,halls,booths,latitude,longitude,leadScore
"افلاک مهر","آسانسور و بالابر","طراحی تامین نصب و راه اندازی انواع آسانسور","سالن ۳۸B","۳۸۲۰۲",35.79068,51.409,78
"توسعه تجهیزات صنعتی ایران","آسانسور و بالابر","آسانسور و بالابر","سالن ۴۱ بالا","۴۱۱۳.۱",35.7896,51.4096,78
"شرکت بالان صنعت","آسانسور و بالابر","تولید کننده انواع بالابر متحرک ثابت و جک پالت","سالن ۴۱ بالا","۴۱۲۶",35.78976,51.40955,84
"فرمان آرا غرب","آسانسور و بالابر","صنایع آسانسور","سالن ۶","۶۱۱",35.79258,51.408,78
"پادیر کاران آرشام","آسانسور و بالابر","ساخت نصب بالابر کلایمر ماشین روف و دسترسی نما","سالن ۶","۶۰۲",35.7927,51.40785,78
"پیشرو بالابر فارس","آسانسور و بالابر","تولید کننده انواع بالابرهای هیدرولیک و نردبان کشویی","سالن ۳۸B","۳۸۲۱۳",35.7902,51.4087,84
"آذرین استیل ابتکار","آشپزخانه","تجهیزات آشپزخانه","سالن ۳۱B","۳۱۱۰۷",35.79046,51.41115,78
"آراد فن آوری مهرگان","آشپزخانه","تولید تخصصی سینک گاز رومیزی و هود آشپزخانه","سالن ۳۱B","۳۱۱۱۵",35.79054,51.4108,84
"افرا تجارت پیشرو ایرانیان","آشپزخانه","لوازم جانبی حمام و دستشویی و آشپزخانه","سالن ۵","۵۱۹",35.79264,51.4071,78
"الماس بلورین ایرانیان","آشپزخانه","تولید کننده تجهیزات آشپزخانه گاز فر هود توکار","سالن ۳۱B","۳۱۱۱۰",35.79086,51.4108,84
"بهین صنعت فلز اسپرلوس","آشپزخانه","تولید کننده تجهیزات و اکسسوری خانه و آشپزخانه","سالن ۳۱B","۳۱۱۰۳",35.79078,51.41105,84
"سیمرغ تابان ایرانیان","آشپزخانه","تولید کننده تجهیزات آشپزخانه گاز فر هود توکار","سالن ۳۱B","۳۱۱۰۸",35.7909,51.41085,84
"شرکت آراز پارس کاریز","آشپزخانه","پخش ملزومات گاز و آب","سالن ۵","۵۰۳",35.79244,51.4073,78
"شرکت درویش پایا","آشپزخانه","تولید شیرهای توپی گازی بالوار","سالن ۷","۷۱۷",35.79218,51.40825,84
"شیرگاز ایران","آشپزخانه","تولید کننده انواع شیرهای بالولو آبی و گازی","سالن ۷","۷۰۹",35.79186,51.4084,84
"فولاد گستران زیما","آشپزخانه","تولید کننده سینک هود اجاق گاز فر مایکروویو","سالن ۳۱B","۳۱۱۱۳",35.7905,51.4112,84
"نماد نیکان صنعت","آشپزخانه","تولید اجاق گاز صفحه ای توکار هود فر سینک","سالن ۳۱B","۳۱۱۰۴",35.7903,51.41095,84
"گرانیت سازان پارس","آشپزخانه","تولید صفحات کورین و سینک ظرفشویی","سالن ۳۱A","۳۱۱۹.۱",35.79116,51.41065,84
"گروه تولیدی صنعتی ساراگاز","آشپزخانه","تولیدکننده تخصصی انواع شیرهای توپی گازی","سالن ۷","۷۰۵.۱",35.79198,51.4083,84
"ارس پولاد بین الملل","بتن و مصالح سازه","سیستم ها و سازه های بتنی و فولادی","سالن ۳۸A","۳۸۱۰۶",35.78988,51.408,78
"ارماک","بتن و مصالح سازه","تولید دستگاههای ثابت بلوک زنی سنگ فرش و جدول","سالن ۳۱A","۳۱۱۱",35.79124,51.4105,84
"افراز بتن سرمد","بتن و مصالح سازه","ساخت و تولید ماشین آلات تولید قطعات بتنی","فضای باز ۳۸","OP۳۸۰۶",35.78988,51.4068,84
"بتن خاک هنر خلاقیت","بتن و مصالح سازه","تولید محصولات بتنی اکسپوز پنل کف و نما و مبلمان شهری","فضای باز ۳۵","OP۳۵۱۰",35.7896,51.4066,84
"بتن سازه ضمان","بتن و مصالح سازه","تولید کننده انواع قالب فلزی بتن و داربست فلزی","فضای باز ۴۴","OP۴۴۰۳",35.78844,51.41075,84
"تولیدی صنعتی ام پیکو","بتن و مصالح سازه","سازنده انواع قالب بندی بتن و گریتینگ","سالن ۳۵","۳۵۱۱.۱",35.78924,51.40725,78
"تک سامان هور","بتن و مصالح سازه","تولید کننده برتر بلوک سبک سیمانی","سالن ۳۱A","۳۱۱۸",35.79064,51.41065,84
"تکسان سنگ سپهر ایرانیان","بتن و مصالح سازه","تولید کننده جی اف آر سی نما بتن اکسپوز مبلمان شهری","سالن ۳۸A","۳۸۱۰۸",35.78996,51.4081,84
"تیروتخته","بتن و مصالح سازه","تولید و پخش بلوک و مصالح ساختمانی","فضای باز ۳۵","OP۳۵۱۴",35.78904,51.40675,84
"سازان سنگ سالار","بتن و مصالح سازه","تولید کننده واش بتن آنتیک کف پوش فضای سبز","سالن ۳۸","۳۸۰۷",35.79028,51.40825,84
"سازه گستر مدحت","بتن و مصالح سازه","تولیدکننده انواع سیستم های قالب بندی بتن و داربست","سالن ۳۵","۳۵۱۵",35.78944,51.40725,84
"سدید سنگ سورنا","بتن و مصالح سازه","تولید کننده واش بتن آنتیک سنگ صنعتی موزائیک و بتن اکسپوز","فضای باز ۳۱","OP۳۱۰۴.۲",35.79116,51.4115,84
"شرکت بتن شیمی کاران گلپا","بتن و مصالح سازه","تولید کننده افزودنی بتن و مواد شیمیایی صنعت ساختمان","سالن ۴۰ بالا","۴۰۲۲",35.79156,51.4096,84
"شرکت توسعه پایدار سلمان","بتن و مصالح سازه","سازه های بتنی پیش ساخته صنعتی","فضای باز ۳۱","OP۳۱۰۳",35.7914,51.4115,78
"شرکت دیوار پوشش سیمان پارت","بتن و مصالح سازه","تولید کننده ورق های سیمانی الیافی اتوکلاو شده","سالن ۴۴B","۴۴۲۲۳.۳",35.7894,51.41,84
"شرکت ساختمانی تولیدی و پژوهشی آپتوس ایران","بتن و مصالح سازه","تولید کننده بتن آماده، کفپوش بتنی، جدول، بلوک و خانه پیش ساخته بتنی","سالن ۴۴A","۴۴۱۵",35.78872,51.40995,84
"شرکت سخت بتن بهین اترک","بتن و مصالح سازه","تولید کننده متریال کف سازی و افزودنی بتن","سالن ۴۴B","۴۴۲۲۳.۲",35.78924,51.41025,84
"شرکت صنایع خاک چینی ایران","بتن و مصالح سازه","تولید کننده بلوک و پانل سبک گازی اتوکلاو شده","سالن ۵","۵۰۷",35.79252,51.4074,84
"شرکت مهندسی بتن پلیمر برنا","بتن و مصالح سازه","تولید کننده انواع مواد شیمیایی ساختمان بتن و کفسازی صنعتی","سالن ۴۰ بالا","۴۰۲۵",35.7916,51.40935,84
"شرکت پایدار سازه رادیس دماوند","بتن و مصالح سازه","عمده فروشی سیمان","فضای باز ۳۸","OP۳۸۰۴",35.78976,51.4069,78
"شرکت کارآفرینان دانش ساختمان","بتن و مصالح سازه","تولید و فروش والپست میلگرد بستر و لوازم دیوارچینی","سالن ۳۸","۳۸۰۶",35.79012,51.4085,84
"صبابرد","بتن و مصالح سازه","تولید ورق سیمانی الیاف دار","سالن ۳۸B","۳۸۲۰۶.۲",35.79068,51.4087,84
"صنایع توز ایران","بتن و مصالح سازه","بزرگترین سازنده دستگاه های بلوک زن ساختمانی","فضای باز ۷","OP۷۰۴",35.793,51.4066,78
"صنعت بتن آذرسهند","بتن و مصالح سازه","تولید کننده بلوک سبک پومیس سنگفرش و جدول بتنی","سالن ۳۱A","۳۱۱۱.۱",35.7906,51.41055,84
"لرزان صنعت ایرانیان","بتن و مصالح سازه","ماشین آلات و ابزار آلات بتن ریزی","فضای باز ۳۸","OP۳۸۰۳",35.7898,51.40715,78
"معماری پایدار فرا معماری و گرین تک","بتن و مصالح سازه","تولید بتن و قطعات بتنی با قابلیت کاشت گل و گیاه","سالن ۳۸B","۳۸۲۱۸.۱",35.79044,51.40865,84
"نانو نخ و گرانول سیرجان","بتن و مصالح سازه","تولید الیاف و افزودنی های بتن برند کورتا","سالن ۴۰ همکف","۴۰۰۴.۱",35.79164,51.4089,84
"نوین سبک ساز سبلان","بتن و مصالح سازه","تولید کننده قطعات بتنی سنگفرش جدول بلوک نیوجرسی و اکسپوز","سالن ۴۴A","۴۴۱۳",35.78872,51.4098,84
"کارخانه صنایع مفتولی آهن بان گستر کوثر","بتن و مصالح سازه","تولیدکننده میلگرد بستر والپست و متعلقات","فضای باز ۳۱","OP۳۱۰۹.۱",35.79104,51.41155,84
"کارو سازه سورنا","بتن و مصالح سازه","تولید کننده والپست میلگرد بستر و لوازم دیوارچینی","سالن ۴۴B","۴۴۲۰۷",35.78944,51.41,84
"گروه صنعتی و بازرگانی کرودور ایرانیان","بتن و مصالح سازه","کفسازی صنعتی و فروش افزودنیهای بتن","سالن ۵","۵۲۳",35.79272,51.40715,78
"آذرفلز تابان شمس","برق و روشنایی","تولید فروش و اجرای حصار پانلی تور حصاری سیم تیغدار","سالن ۳۸A","۳۸۱۰۱.۱",35.79012,51.4082,84
"آراز کابل ایرانیان","برق و روشنایی","تولید و فروش سیم و کابل","سالن ۴۱ بالا","۴۱۲۴",35.78992,51.40965,84
"آرتا پیشرو آرش فراز","برق و روشنایی","تولید کننده کابین آسانسور و پله برقی","سالن ۳۸","۳۸۱۵",35.79052,51.40845,84
"آرمه پاک نو","برق و روشنایی","طراحی و تولید روشنایی مگنتی مولتی ترک خطی و اسپات","سالن ۴۱ بالا","۴۱۲۰",35.78984,51.4099,84
"ابزار کهن","برق و روشنایی","تولید کننده قفل های ساختمانی فولادی امنیتی و برقی","سالن ۴۴B","۴۴۲۰۸",35.78936,51.4101,84
"اهورا سازه پایا","برق و روشنایی","دستگیره های دیجیتال و کلید پریز پیشرفته","سالن ۳۸B","۳۸۲۲۶",35.79052,51.4087,78
"ایریک کابل افق","برق و روشنایی","تولید کننده انواع سیم وکابل مسی","سالن ۴۱ همکف","۴۱۰۹",35.78964,51.4093,84
"برون تاب انرژی","برق و روشنایی","تفکیک هوشمند و قبض دهی مصارف آب برق گاز","سالن ۳۵","۳۵۲۳",35.78948,51.40725,78
"توسعه آروین الکترونیک پارس ا سیمند کابل","برق و روشنایی","تولید کننده کابل های برق و تخصصی","سالن ۳۸","۳۸۲۱",35.79012,51.4083,84
"دیزل مولد امید","برق و روشنایی","ساخت مولدهای برق دیزلی و گازی و اتاقک سایلنت","فضای باز ۵","OP۵۰۴",35.79308,51.40605,78
"راهدار صنعت کیهان","برق و روشنایی","اولین تولید کننده تخصصی کابل های سیلیکونی و مقاوم در برابر حریق","سالن ۴۱ بالا","۴۱۳۴",35.7898,51.40985,84
"رفاه آوران پایدار کسری","برق و روشنایی","تولیدکننده تخصصی انواع جارو برقی از خانه تا صنعت","فضای باز ۳۸","OP۳۸۰۱",35.78972,51.40705,84
"زرکابل الکتریک رسانا","برق و روشنایی","تولید کننده انواع سیم و کابل فشار ضعیف و متوسط","سالن ۴۱ بالا","۴۱۱۸",35.78984,51.4095,84
"سندیکا صنعت برق ایران","برق و روشنایی","تشکل صنفی صنعت برق ایران","سالن ۴۱ بالا","۴۱۳۳",35.79,51.4097,58
"سیلیکون ناب","برق و روشنایی","تولید چسب های سیلیکونی پروفیل اکسترودری سیم و کابل","سالن ۳۱A","۳۱۱۷",35.791,51.4105,84
"سیم و کابل حمید رضا ذاکری","برق و روشنایی","تولید کننده سیم و کابل مسی و آلومینیومی","فضای باز ۴۱","OP۴۴۱۳",35.78972,51.41075,84
"سیمین صنعت رسانا","برق و روشنایی","تولید کننده انواع سیم و کابل صنعتی و ساختمانی","سالن ۴۱ همکف","۴۱۰۵",35.79016,51.40955,84
"شرکت اعتماد کابل","برق و روشنایی","تولید کننده انواع مقاطع سیم و کابل های مسی و آلومینیومی","سالن ۴۱ بالا","۴۱۲۵",35.78988,51.40955,84
"شرکت توسن الکتریک ایرسا","برق و روشنایی","تولید انواع سیم و کابل برق ساختمانی و صنعتی","سالن ۳۸","۳۸۰۳",35.79004,51.4084,84
"شرکت تولیدی و صنعتی قفل پنج ستاره لنگر","برق و روشنایی","تولیدکننده انواع قفل های حیاطی، برقی، کلیدی و ضد سرقت","سالن ۴۴B","۴۴۲۰۶",35.78884,51.41035,84
"شرکت دوران صنعت ترکان","برق و روشنایی","تولیدکننده اجاق های برقی المنتی و القایی","سالن ۳۵","۳۵۱۸",35.78956,51.4074,84
"شرکت زرسیم","برق و روشنایی","تولید کننده سیم و کابل فشار ضعیف مسی","سالن ۴۱ همکف","۴۱۱۰",35.79,51.4094,84
"شرکت سیما صنعت نور ایرانیان","برق و روشنایی","تولید کننده انواع سیم و کابل استاندارد","سالن ۴۱ همکف","۴۱۰۱",35.79024,51.4094,84
"شرکت صنعتی فردشاهین","برق و روشنایی","صنایع مفتولی تولید مفتول سیم خاردار فنس و مش","سالن ۳۸A","۳۸۱۱۷",35.79008,51.40825,84
"شرکت فراز صعود الماس","برق و روشنایی","طراحی مونتاژ اجرا و راه اندازی آسانسور و پله برقی","سالن ۶","۶۱۴",35.79218,51.40775,78
"شرکت فنی مهندسی برق صنعت بخش شاکری","برق و روشنایی","مجری نیروگاه های برق خورشیدی و برق اضطراری","سالن ۴۱ بالا","۴۱۱۵",35.78948,51.4099,78
"شهر هوشمند گیلسا","برق و روشنایی","هوشمند سازی ساختمان تولید کلیدهای لمسی هوشمند","سالن ۴۱ همکف","۴۱۱۱",35.79024,51.40925,84
"صنایع روشنایی تکشیدفام شب افروز","برق و روشنایی","تولید چراغهای محوطه ای و باغی دایکاست","سالن ۴۱ بالا","۴۱۲۳.۱",35.79004,51.4098,84
"صنایع روشنایی روشنا شکوه تجارت","برق و روشنایی","طراح و تولید کننده چراغ های پارکی و خیابانی و مبلمان شهری","سالن ۴۱ بالا","۴۱۳۶",35.78988,51.40955,84
"صنایع سیم وکابل مشهد","برق و روشنایی","تولید کننده انواع سیم و کابل","سالن ۴۱ همکف","۴۱۰۲",35.79008,51.4092,84
"صنایع مفتولی میهن نور","برق و روشنایی","تولید مفتول گالوانیزه توری مرغی سیم خاردار","سالن ۳۸A","۳۸۱۰۴",35.78996,51.4083,84
"صنایع پیش تنیده خوانسار","برق و روشنایی","تولید کننده مفتول و کابل های پیش تنیدگی","سالن ۳۸A","۳۸۱۱۱.۱",35.79,51.40795,84
"فرسان نیرو کارا","برق و روشنایی","طراحی تولید و اجرای تابلوهای برق فشار ضعیف و متوسط","سالن ۴۱ همکف","۴۱۰۸",35.79016,51.4095,84
"فناوری تجارت سبز دهکده انرژی","برق و روشنایی","برق اضطراری و انرژی خورشیدی","سالن ۴۱ بالا","۴۱۱۷.۱",35.78992,51.4097,78
"لینکو","برق و روشنایی","تولید کننده سیم و کابل","سالن ۳۸","۳۸۲۰",35.7904,51.4085,84
"مانا صنعت پایدار","برق و روشنایی","تولید بوستر پمپ و تابلو برق بوستر پمپ آتش نشانی","فضای باز ۳۵","OP۳۵۱۱",35.78964,51.40665,84
"ماهنامه تاسیسات برق ساختمان","برق و روشنایی","نشریه تخصصی تاسیسات و برق ساختمان","سالن ۴۴A","۴۴۰۷",35.789,51.41,78
"مبتکران سپهر نوین توس","برق و روشنایی","تولید کننده نرده و حصار پیش ساخته و سبد کابل","سالن ۳۸A","۳۸۱۰۳",35.78984,51.40795,84
"ملت کابل سپهر","برق و روشنایی","تولید کننده سیم و کابل","سالن ۳۵","۳۵۱۶",35.7894,51.40735,84
"هادی برق الماس","برق و روشنایی","تولید کننده کلید و پریز و انواع قوطی های برق","سالن ۴۱ بالا","۴۱۲۸",35.78992,51.4096,84
"ویرا الکتریک","برق و روشنایی","تولید کننده کلید و پریز و قطعات هم ردیف آن","سالن ۴۱ همکف","۴۱۱۲",35.78996,51.40955,84
"کابل سازان یزد","برق و روشنایی","تولید کننده سیم و کابل برق","سالن ۴۱ بالا","۴۱۳۰",35.78948,51.4095,84
"گروه صنعتی تولیدی الکتروکاوه","برق و روشنایی","تولید کننده تجهیزات قطع و وصل برق صنعتی و انرژی خورشیدی","سالن ۴۴B","۴۴۲۲۴",35.78892,51.41025,84
"گروه صنعتی سپهرمنور","برق و روشنایی","تولیدکننده محصولات روشنایی چراغ و لامپ ال ای دی","سالن ۴۱ بالا","۴۱۳۱",35.78972,51.4095,84
"گروه صنعتی کاوه","برق و روشنایی","تولید سینی کابل نردبان کابل داربست و والپست","سالن ۳۸A","۳۸۱۲۲",35.79024,51.408,84
"انرژی بخار گستر","تاسیسات مکانیکی","تولید کننده انواع دیگ بخار و دیگ آبگرم","سالن ۵","۵۱۱",35.79288,51.407,84
"تهویه سپهر ایرانیان","تاسیسات مکانیکی","طراحی و تولید سیستم های تهویه مطبوع سرمایشی و گرمایشی","سالن ۳۸B","۳۸۲۱۰",35.79024,51.4089,84
"سرماسازان وستا صنعت","تاسیسات مکانیکی","تولید کننده دستگاه های تهویه مطبوع و سرمایشی","فضای باز ۷","OP۷۰۳",35.79296,51.40655,84
"شایانیر صنعت آرتان","تاسیسات مکانیکی","سیستم گرمایشی و سرمایشی","فضای باز ۳۱","OP۳۱۰۸",35.79136,51.41175,78
"صنایع حرارتی و برودتی سپیدارصنعت مدرن","تاسیسات مکانیکی","تولیدکننده سیستم های تهویه مطبوع","سالن ۵","۵۰۹",35.79268,51.4073,84
"صنعت و اندیشه پیشگام پارت","تاسیسات مکانیکی","تولید کننده چیلر فن کویل داکت فن کویل و هواساز","فضای باز ۳۵","OP۳۵۱۲",35.789,51.4067,84
"لورچ","تاسیسات مکانیکی","تولید کننده پکیج شوفاژ دیواری و رادیاتور","سالن ۸ و ۹","۸۱۵",35.79228,51.4069,84
"مخزن فولاد رافع","تاسیسات مکانیکی","سازنده دیگ های آب گرم، دیگ های چگالشی، منابع و مخازن موتورخانه","سالن ۸ و ۹","۸۲۰",35.79228,51.40675,78
"اتاق تعاون استان فارس","تشکل صنفی","اتاق تعاون استان فارس","سالن ۴۴A","۴۴۲۱.۱",35.78904,51.4099,58
"بانک قرض الحسنه مهر ایران","خدمات مالی","بانک","سالن ۴۴A","۴۴۲۰",35.78876,51.40985,58
"بانک گردشگری","خدمات مالی","مالی و اقتصادی","سالن ۳۸A","۳۸۱۱۹",35.79044,51.4082,58
"توسعه و عمران بهناد بنا","خدمات مالی","گروه ساختمانی بازوی ساختمانی بانک سامان","سالن ۳۸","۳۸۱۶",35.79044,51.40845,78
"آبنوس جام کرج","درب و پنجره","تولید کننده شیشه های سکوریت ساختمانی و صنعتی، دوجداره و لمینیت","سالن ۳۸B","۳۸۲۳۹",35.79032,51.40865,84
"آذر قاپی","درب و پنجره","ساخت و تولید درب و پنجره آلومینیومی و یو پی وی سی","سالن ۳۸B","۳۸۲۰۶",35.7908,51.4089,84
"آرکا طراحان آذین چوب","درب و پنجره","تولید درب اتاقی و امنیتی","سالن ۳۸B","۳۸۲۲۸",35.79076,51.4088,84
"آلومینیوم تعاون","درب و پنجره","تولید کننده پروفیل های آلومینیومی صنعتی و ساختمانی","سالن ۳۸B","۳۸۲۳۱.۱",35.79068,51.40885,84
"آکپا ایران کیش","درب و پنجره","تولید کننده پروفیل های آلومینیوم نرمال و ترمال بریک","سالن ۴۴A","۴۴۱۲",35.78868,51.4099,84
"انجمن صنفی تولیدکنندگان در و پنجره ایران","درب و پنجره","انجمن صنفی تولیدکننده در و پنجره","سالن ۴۴A","۴۴۲۱",35.78908,51.40995,64
"ایمن درب ناجی گستر شرق","درب و پنجره","تولید درب و دستگیره مقاوم به حریق","سالن ۳۸B","۳۸۲۳۲",35.7902,51.40895,84
"ایمن مهاران درب آپادانا","درب و پنجره","تولید درب های ضد حریق","سالن ۳۸B","۳۸۲۳۳",35.79052,51.4089,84
"توسعه راهکارپایاسیستم","درب و پنجره","تولید پروفیل آلومینیومی کفشور استیل لاینر نوری و قرنیز","سالن ۳۱A","۳۱۰۷",35.79112,51.41065,84
"جهان آسانبرکیوان","درب و پنجره","تولید کننده درب اتوماتیک آسانسور","سالن ۴۱ بالا","۴۱۱۳",35.7898,51.4096,84
"خاوران شیمی پارس تک","درب و پنجره","تولید کننده یو پی وی سی و قفسه های فروشگاهی","فضای باز ۳۱","OP۳۱۰۱",35.7912,51.41145,84
"درب نما دو پنجره کویر","درب و پنجره","تولید کننده پنجره های ترمال بریک","سالن ۳۸","۳۸۱۱",35.7904,51.4082,84
"ساز آب پردازان نامدار","درب و پنجره","تأمین متریال مهار لرزه ای دیوار با مش الیاف شیشه","سالن ۴۰ بالا","۴۰۲۶",35.79112,51.4094,78
"سبزین درب","درب و پنجره","تولید کننده درب های داخلی ام دی اف با روکش پی وی سی","سالن ۳۸B","۳۸۲۳۸",35.7902,51.40885,84
"سپنتا پلیمر رستاک","درب و پنجره","تولید کننده درب های صد در صد ضد آب","سالن ۳۸B","۳۸۲۴۰",35.79056,51.4089,84
"شایگان صنعت سعادت","درب و پنجره","تولید و اجرای درب و پنجره الومینیوم و یو پی وی سی","سالن ۳۸B","۳۸۲۴۱",35.79024,51.409,84
"شرکت آتار درب سلماس","درب و پنجره","تولید درب ضدسرقت ، داخلی و ضدحریق","سالن ۳۸B","۳۸۲۰۳",35.7904,51.4088,84
"شرکت آراد پویان صنعت","درب و پنجره","تولید درب های ضد سرقت","سالن ۳۸B","۳۸۲۲۷",35.79072,51.40875,84
"شرکت بین المللی فیدار عرشیا جام","درب و پنجره","تولید انواع شیشه ایمنی سکوریت لمینیت دوجداره","سالن ۳۸B","۳۸۲۴۵",35.7908,51.4088,84
"شرکت توسعه تجارت مهرآذران","درب و پنجره","تولید درب های ضد آب","سالن ۳۸","۳۸۱۴",35.79044,51.4084,84
"شرکت سهند درب سلماس","درب و پنجره","تولید درب ضدسرقت - درب داخلی","سالن ۳۸B","۳۸۲۰۴",35.79044,51.40885,84
"شرکت شایلین پنجره کوشا","درب و پنجره","تولید و اجرای درب و پنجره آلومینیومی و پی وی سی","سالن ۳۱A","۳۱۱۳",35.79104,51.4107,84
"شرکت مهران سرد","درب و پنجره","تولید کننده ساندویچ پانل پلی یورتان کانکس و درب سردخانه","فضای باز ۳۱","OP۳۱۰۴",35.7912,51.41155,84
"صنایع آلومینیوم بهنام","درب و پنجره","تولید کننده درب و پنجره دوجداره","سالن ۳۸B","۳۸۲۰۸",35.79048,51.4089,84
"صنایع آلومینیوم لیام","درب و پنجره","طراحی و ساخت پروفیل آلومینیوم","سالن ۳۸B","۳۸۲۰۹",35.79052,51.40885,78
"صنایع جوبی پارس درب فیدار","درب و پنجره","تولید درب های لوکس ساختمانی","سالن ۳۸B","۳۸۲۲۰",35.79056,51.409,84
"عقیق صنعت آبیدر","درب و پنجره","تولید سنگ های مصنوعی نما و شمش آلومینیوم","سالن ۳۱A","۳۱۱۴",35.79108,51.41075,84
"فناوران نوین پارسیان تصویر فدک","درب و پنجره","تولید کننده درب بازکن های صوتی و تصویری","سالن ۳۱B","۳۱۱۰۱",35.79042,51.4108,84
"میهن آلومینیوم غدیر","درب و پنجره","تولید انواع پروفیل آلومینیوم","سالن ۳۸B","۳۸۲۲۴",35.79064,51.40865,84
"نما آلومینیوم مهستان","درب و پنجره","تولید درب و پنجره آلومینیوم و اجرای نماهای مدرن","سالن ۳۸B","۳۸۲۲۵",35.79068,51.4087,84
"نور خطی فخار","درب و پنجره","اکسترود آلومینیوم به شکل پروفیل","سالن ۴۱ بالا","۴۱۱۶",35.7898,51.4099,78
"نوین صنعت آلستار شمال","درب و پنجره","تولیدکننده محصولات آلومینیومی","سالن ۴۴A","۴۴۱۱",35.78892,51.4096,84
"نیرو محرک تجارت فناوری بین الملل","درب و پنجره","وارد کننده محرک درب اتوماتیک و منبع تغذیه و ژنراتور","سالن ۳۱A","۳۱۰۱",35.79084,51.41045,78
"پرسان صنعت آریا","درب و پنجره","تولیدکننده درب و پنجره پی وی سی و یو پی وی سی و توزیع کننده یراق آلات","سالن ۳۸B","۳۸۲۴۳",35.7906,51.4086,84
"پرشین سازه ماندگار","درب و پنجره","تولید انواع درب های ضد سرقت و چوبی و لابی","سالن ۳۸B","۳۸۲۲۱",35.79036,51.4087,84
"پنجره آریا","درب و پنجره","تولید کننده پروفیل","سالن ۳۸","۳۸۲۴",35.79036,51.40835,84
"پنجره سازان عایق کویر","درب و پنجره","تولید درب و پنجره دوجداره یو پی وی سی","سالن ۴۴A","۴۴۱۶",35.78876,51.41,84
"پنجره هلی پن","درب و پنجره","تولید کننده در و پنجره الومینیومی آکپا و یو پی وی سی وینتک","سالن ۳۸B","۳۸۲۳۷",35.79044,51.4088,84
"پویا سازان پندار","درب و پنجره","تولید کننده و صادر کننده درب های پلی وود","سالن ۳۸","۳۸۱۳",35.79004,51.4082,84
"کاسپین استیل ویستا","درب و پنجره","تولید ورق پروفیل استیل و فروش اقلام ساختمانی","سالن ۳۸A","۳۸۱۲۱",35.79028,51.40805,84
"کرات چوب کاسپین","درب و پنجره","ساخت کلبه چوبی آلاچیق پروفیل چوبی و پارکت","سالن ۳۸B","۳۸۲۴۲",35.79048,51.40895,78
"گروه صنعتی اریکا","درب و پنجره","تولیدکننده ورق سقفی دیوارپوش پانل یو پی وی سی نانوتکس و رنگ","سالن ۳۱A","۳۱۱۹",35.7912,51.41075,84
"گروه صنعتی هیرو","درب و پنجره","تولید دستگیره درب و کابینت","سالن ۴۴B","۴۴۲۰۱",35.78944,51.41025,84
"گروه فولادیار کوروش","درب و پنجره","تولید کننده انواع مقاطع پروفیل و مصنوعات فولادی","سالن ۴۰ همکف","۴۰۰۹",35.79156,51.4092,84
"آب و خاک آریا تیاب","سایر صنعت ساختمان","تولید المان های دیوارسبز طبیعی","سالن ۳۱A","۳۱۱۱.۲",35.79064,51.41075,84
"آبان دیاکو هانا","سایر صنعت ساختمان","طراحی و ساخت سازه فضاکار","سالن ۳۸A","۳۸۱۱۱",35.79032,51.4079,78
"آجین فیتنس","سایر صنعت ساختمان","تولید کننده تجهیزات ورزشی مسکونی و اداری","سالن ۳۸B","۳۸۲۱۹.۱",35.79084,51.40865,84
"آذین سبک سازان میانه آذربایجان","سایر صنعت ساختمان","تولید درایوال و تایلهای گچی روکش پی وی سی","سالن ۳۵","۳۵۰۱",35.78936,51.4076,84
"آراز استیل راد","سایر صنعت ساختمان","تولید کننده باربیکیو","فضای باز ۳۵","OP۳۵۱۵",35.78908,51.4068,84
"آراز سازه آفاق","سایر صنعت ساختمان","کلبه پیش ساخته","فضای باز ۵","OP۵۰۷",35.79288,51.4064,78
"آرین تکنیک","سایر صنعت ساختمان","تولیدکننده کفشور خطی حوله خشک کن گریل و گاتر","سالن ۳۱A","۳۱۲۰",35.7906,51.4106,84
"آموت ستاره پارس","سایر صنعت ساختمان","مشاوره طراحی ساخت و اجرای دکوراسیون داخلی و بازسازی","فضای باز ۳۸","OP۳۸۰۲",35.78976,51.4071,78
"آوش سازه آریا","سایر صنعت ساختمان","تولید سازه فضاکار","سالن ۳۸A","۳۸۱۰۵",35.78996,51.4082,84
"آکادمی مهندس محمد کریمی","سایر صنعت ساختمان","آموزش دوره های مهندسی","سالن ۳۸B","۳۸۲۲۶.۱",35.7908,51.40875,78
"ابر رایانش دیدار","سایر صنعت ساختمان","نرم افزار مدیریت مشتری CRM","سالن ۳۸B","۳۸۲۳۳.۱",35.79084,51.409,78
"ابنیه مقاوم آریا","سایر صنعت ساختمان","تولید دیوار پیش ساخته درای وال","فضای باز ۳۸","OP۳۸۰۴.۱",35.78988,51.4069,84
"اتحادیه تعاونی های عمرانی تهران","سایر صنعت ساختمان","نظارت و حمایت از تعاونی ها و پروژه های عمرانی","فضای باز ۳۱","OP۳۱۰۵",35.7908,51.4117,78
"ارتباطات نوری ویرا","سایر صنعت ساختمان","تولید کننده تجهیزات فیبر نوری","سالن ۴۱ بالا","۴۱۱۹",35.78948,51.4095,84
"اریکه افراز سپاهان","سایر صنعت ساختمان","پیمانکار تخصصی اجرای نمای ساختمان","سالن ۳۱A","۳۱۱۵",35.7912,51.4105,78
"ازن آب","سایر صنعت ساختمان","سیستمهای ضدعفونی آب استخر و هوا","سالن ۳۸A","۳۸۱۱۰",35.7898,51.4083,78
"البرز ابزار","سایر صنعت ساختمان","تولید ماشین آلات و ابزارآلات کارگاهی صنعت ساختمان","فضای باز ۲۷","OP۷۰۷",35.79194,51.40605,84
"امین باربیکیو","سایر صنعت ساختمان","تولید باربیکیو","فضای باز ۳۱","OP۳۱۱۰",35.79136,51.4118,84
"انتشارات معید مهر","سایر صنعت ساختمان","چاپ و انتشار کتاب های حقوقی کسب و کار و توسعه فردی","سالن ۴۴A","۴۴۰۶",35.7892,51.41,78
"انجمن تولیدکنندگان و فناوران صنعتی ساختمان","سایر صنعت ساختمان","توسعه صنعتی ساختمان","سالن ۳۵","۳۵۰۷",35.78936,51.40755,58
"انجمن صنفی کارفرمایی انبوه سازان مسکن و ساختمان استان تهران","سایر صنعت ساختمان","هدایت و راهبری شرکتهای انبوه ساز","سالن ۳۸","۳۸۱۲.۱",35.79052,51.4083,58
"ایده ناب فرآیند پارس البرز","سایر صنعت ساختمان","تولیدکننده مواد شیمیایی","سالن ۴۰ بالا","۴۰۱۹",35.79132,51.4096,84
"ایلدیریم","سایر صنعت ساختمان","تولید کننده لوازم بهداشتی ساختمانی و پلاسکو","سالن ۵","۵۰۹.۲",35.7924,51.40705,84
"ایمن آب اسپادانا","سایر صنعت ساختمان","طراح و تولید کننده محصولات بهداشتی ساختمانی","سالن ۲۷","۲۷۰۵",35.79106,51.40755,84
"بازرگانی امیر کرباسیان","سایر صنعت ساختمان","مواد شیمیایی مربوط به صنعت ساختمان","سالن ۵","۵۱۴.۲",35.793,51.4072,78
"تابان میامی پاندا","سایر صنعت ساختمان","تولید محصولات بهداشتی ساختمان","سالن ۵","۵۲۱",35.79268,51.4071,84
"تجارت گرام مدرن","سایر صنعت ساختمان","تامین کننده محصولات چوب پلاست","سالن ۳۸B","۳۸۲۱۹",35.79068,51.4089,78
"تربت پاک","سایر صنعت ساختمان","هلدینگ ساختمانی و انبوه ساز","سالن ۳۵","۳۵۱۴",35.78968,51.4076,78
"تهویه دنالین پارس","سایر صنعت ساختمان","تامین مصالح مکانیکی و تولید ساپورت و بست پیش ساخته","سالن ۸ و ۹","۸۱۰.۱",35.79196,51.40685,84
"توسعه سازه و فلز دانیال صنعت","سایر صنعت ساختمان","ساخت انواع سازه های فلزی، سوله، برج ، جرثقیل","سالن ۳۸B","۳۸۲۲۹",35.7908,51.40885,78
"توسعه فناوری بین الملل دیاکو","سایر صنعت ساختمان","تولید نمایشگر های ال ای دی صنعتی","سالن ۳۸B","۳۸۲۲۲",35.79064,51.409,84
"توسعه هنر متین","سایر صنعت ساختمان","تولید کننده مخازن مدولار مکعبی و دریچه منهول کامپوزیتی","سالن ۵","۵۲۶.۱",35.79296,51.40705,84
"تولید لوازم مدار پنوماتیک و هیدرولیک بادران","سایر صنعت ساختمان","تولید تجهیزات پنوماتیک","سالن ۴۱ بالا","۴۱۲۲",35.7898,51.4099,84
"تکین الکترونیک","سایر صنعت ساختمان","تولید کننده انواع بردهای الکترونیکی دکوراسیون","سالن ۴۱ بالا","۴۱۱۷",35.78996,51.4095,84
"حامی سازه آسایش","سایر صنعت ساختمان","تولید و فروش و خدمات جارو مرکزی آسایش","سالن ۳۱A","۳۱۲۱",35.79124,51.41055,84
"حکمت پولاد خورگام","سایر صنعت ساختمان","طراحی و تولید گریل چدنی گریتینگ گاتر و شاور درین","سالن ۳۸B","۳۸۲۰۶.۱",35.79056,51.40885,84
"داریا پردازان امواج","سایر صنعت ساختمان","تولید و طراحی بردهای الکترونیکی لوازم خانگی","سالن ۳۱B","۳۱۱۰۶",35.79042,51.4111,84
"داریان بسامان ونوس","سایر صنعت ساختمان","کلینیک ساختمانی فروش کالا و اجرا و طراحی","سالن ۳۸A","۳۸۱۰۷",35.78984,51.4079,78
"داناپرداز قشم","سایر صنعت ساختمان","محصولات مدیریت کسب و کار و فناوری اطلاعات","سالن ۴۱ بالا","۴۱۲۳",35.79004,51.40975,78
"دانش بنیان صنایع ماشین سازی پایابرش ویژن","سایر صنعت ساختمان","تولیدکننده ماشین آلات برش و فرم دهی فلزات لیزر فایبر پرس برک گیوتین","سالن ۵","۵۲۶",35.7926,51.40705,84
"درفک سازه رایان","سایر صنعت ساختمان","بازرگانی و خدمات ساختمانی","فضای باز ۴۴","OP۴۴۰۲",35.78856,51.4105,78
"ذوب آلیاژ","سایر صنعت ساختمان","تولید کننده انواع مقاطع برنجی","سالن ۷","۷۱۲",35.7923,51.40845,84
"زاگرس بنا مانا","سایر صنعت ساختمان","تولید فروش طراحی و اجرای سقف وافل","سالن ۳۱A","۳۱۰۹",35.7912,51.41055,84
"سازمان توسعه تجارت ایران","سایر صنعت ساختمان","خدمات به صادر کنندگان و وارد کنندگان","سالن ۵","۵۰۸",35.79264,51.40715,78
"سازه پایدار ابراج","سایر صنعت ساختمان","شرکت مشاورین مهندس طراحی معماری","سالن ۵","۵۱۴.۳",35.79268,51.40725,78
"سازه پیچ صنعت پارس","سایر صنعت ساختمان","تولید پیچ های متری راد یوبولت","سالن ۵","۵۰۹.۱",35.79292,51.40705,84
"سامان صنعت بروج","سایر صنعت ساختمان","تولید ساخت و اجرای سازه های سنگین فلزی","سالن ۴۴B","۴۴۲۲۱",35.78924,51.41005,84
"سبلان سوله کاران","سایر صنعت ساختمان","سازنده سازه های سنگین فلزی تجهیزات نیروگاهی","سالن ۳۵","۳۵۱۹",35.7896,51.40745,78
"سنی پلاستیک","سایر صنعت ساختمان","تولید کننده لوازم بهداشتی ساختمان","سالن ۷","۷۱۹",35.79206,51.4085,84
"سورین رادیس","سایر صنعت ساختمان","تولیدکننده و واردکننده محصولات دکوراسیون داخلی","فضای باز ۴۰","OP۴۴۰۶",35.79184,51.40985,84
"شتابان صنعت طوفان","سایر صنعت ساختمان","کمپرسور و تجهیزات هوای فشرده","فضای باز ۴۱","OP۴۴۱۱",35.78984,51.4107,78
"شرکت آجر سفید","سایر صنعت ساختمان","تولیدکننده انواع محصولات سفالی و آجرهای نما","سالن ۳۵","۳۵۰۳",35.78984,51.4072,84
"شرکت آرمان سازه گنبد فیروزه","سایر صنعت ساختمان","سبد کامل محصولات صنعت ساختمان","سالن ۳۱A","۳۱۰۲.۱",35.79124,51.41055,78
"شرکت آینده تابناک ایرانیان غرب","سایر صنعت ساختمان","تولید کننده فوم","سالن ۳۸B","۳۸۲۱۵",35.79052,51.40895,84
"شرکت بتن تابان نیک کهن","سایر صنعت ساختمان","کارهای ساختمانی راهسازی و تولید شن و ماسه","سالن ۴۴A","۴۴۰۱",35.78872,51.4097,84
"شرکت بهاب سد آسیا","سایر صنعت ساختمان","نماینده فروش کنتور آب التراسونیک انرژی متر و پاور متر","سالن ۴۱ بالا","۴۱۱۵.۱",35.7894,51.40985,78
"شرکت تولیدی و صنعتی ورق مشبک آرین مبین","سایر صنعت ساختمان","تولید ورق های مشبک برای نما سقف کاذب حفاظ و حصار","فضای باز ۴۰","OP۴۴۰۵",35.7918,51.40995,84
"شرکت تیران تونل بیستون","سایر صنعت ساختمان","دستگاه های ساختمانی راه سازی ملات پاش گچ پاش شاتکریت","سالن ۴۴A","۴۴۱۷",35.78916,51.40975,78
"شرکت خم و برش خاوران","سایر صنعت ساختمان","تولید قفسه ایزی راک","فضای باز ۳۱","OP۳۱۰۱.۱",35.79116,51.4114,84
"شرکت ساختمان بیمه ایران","سایر صنعت ساختمان","ساخت و ساز ساختمان در کل کشور","سالن ۴۴B","۴۴۲۲۲",35.7888,51.41035,78
"شرکت شیر های ساختمانی و صنعتی ایران","سایر صنعت ساختمان","تولید شیرهای کم مصرف ساختمانی","سالن ۲۷","۲۷۰۶",35.7909,51.4075,84
"شرکت شیک در طراحان","سایر صنعت ساختمان","تولید تخصصی درهای ساختمانی و مصنوعات چوبی","سالن ۳۵","۳۵۰۴",35.78948,51.4073,84
"شرکت عمران و ساختمان صندوق بازنشستگی کشوری","سایر صنعت ساختمان","طراحی اجرا و نظارت پروژه های عمرانی و ساختمانی","سالن ۴۴B","۴۴۲۲۰",35.78916,51.41,58
"شرکت فرجام سازه گستر سهند وزین","سایر صنعت ساختمان","ماشین آلات صنعتی","سالن ۳۸A","۳۸۱۲۴",35.7898,51.4082,78
"شرکت فضاسازه نقش جهان","سایر صنعت ساختمان","طراحی، محاسبه ، نظارت و اجرای سازه های فضاکار","سالن ۳۸B","۳۸۲۱۲",35.79028,51.4086,78
"شرکت ماشینهای بسته بندی اصفهان پک","سایر صنعت ساختمان","طراحی و ساخت خطوط شیرینگ پک استرچ پالت و پالتایزر","سالن ۵","۵۰۶.۱",35.793,51.4073,78
"شرکت مواد مهندسی بتن و ساختمان تیوا شیمی","سایر صنعت ساختمان","تولید کننده محصولات شیمیایی ساختمان","سالن ۴۴A","۴۴۰۵",35.78884,51.40985,84
"شرکت نیل افشان توس","سایر صنعت ساختمان","تولید چوب پلاست مخصوص فضاهای بیرونی","سالن ۳۱A","۳۱۰۵",35.79108,51.4106,84
"شرکت وطن شمش ایرانیان","سایر صنعت ساختمان","تولید کننده انواع مقاطع برنجی","سالن ۸ و ۹","۸۲۵",35.79232,51.40695,84
"شرکت چوب پلاست کاران فرانوین سازه","سایر صنعت ساختمان","تولید کننده چوب پلاست","سالن ۳۸","۳۸۱۲",35.79048,51.40825,84
"شيمي تفلون دنا","سایر صنعت ساختمان","توليد كننده شيرآلات بهداشتي ساختمان","سالن ۶","۶۰۵",35.79262,51.4076,78
"صدا نور گستران هوراند","سایر صنعت ساختمان","سیستم میکروفن کنفرانس، سیستم صوت عمومی","سالن ۴۱ همکف","۴۱۰۳",35.78988,51.40945,78
"صنایع برق و کنترل مأوا","سایر صنعت ساختمان","سازنده انواع تابلوهای فشار متوسط ضعیف و کنترلی","سالن ۴۱ همکف","۴۱۰۶",35.78984,51.4093,78
"صنایع بین الملل چوبی نکو صنعت","سایر صنعت ساختمان","طراحی و تولید خانه و آلاچیق های پیش ساخته چوبی","سالن ۳۵","۳۵۰۶",35.7894,51.4074,84
"صنایع فایبرگلاس مبارکه","سایر صنعت ساختمان","تولید کننده نورگیرهای صنعتی فایبرگلاس","سالن ۳۵","۳۵۱۲",35.78956,51.4074,84
"صندوق نوآوری و شکوفایی ریاست جمهوری","سایر صنعت ساختمان","حمایت از شرکت های دانش بنیان","سالن ۴۱ بالا","۴۱۳۲",35.78996,51.40965,62
"صنعت گستر هور ژینا","سایر صنعت ساختمان","تولید لوازم آتش نشانی","فضای باز ۵","OP۵۰۵",35.79304,51.4062,84
"عایق سازان زرین گام","سایر صنعت ساختمان","وال مش روش نوین مسلح سازی دیوارهای غیرسازه ای","سالن ۴۰ بالا","۴۰۳۰",35.79164,51.4094,78
"عمران گستر اریکه","سایر صنعت ساختمان","تولید کننده انحصاری کف خواب های توالت ایرانی","سالن ۳۸B","۳۸۲۱۸",35.79028,51.40895,84
"فراز فام آرا","سایر صنعت ساختمان","تولید کننده نماهای داخلی و بیرونی ساختمان","سالن ۳۸B","۳۸۲۳۰",35.79064,51.40895,84
"فنی و مهندسی پیشرو سازان فهیم","سایر صنعت ساختمان","اجرای سازه های LSF دیوار درای وال و نمای فایبر سمنت","سالن ۳۵","۳۵۱۱",35.78924,51.40745,78
"فولاد کاران پیچ فرداد","سایر صنعت ساختمان","تولید انواع پیچ و مهره با گرید بین المللی","سالن ۴۰ همکف","۴۰۰۲",35.79152,51.40915,84
"ماشین سازی بزرگ دیانی","سایر صنعت ساختمان","ساخت ماشین آلات صنعتی گیوتین خمکن پرس برک","سالن ۳۸A","۳۸۱۰۱",35.79016,51.40825,78
"ماشین سازی سپهر ثامن توس","سایر صنعت ساختمان","طراح و سازنده ماشین آلات صنایع مفتولی","سالن ۴۰ بالا","۴۰۲۳",35.79108,51.4093,78
"مجتمع پلاستیک طبرستان","سایر صنعت ساختمان","بزرگترین تولید کننده مخزن آب در ایران","سالن ۴۴A","۴۴۱۸",35.7888,51.4096,84
"مرمر پلاست اوجان","سایر صنعت ساختمان","تولید کننده دیوارپوش های پی وی سی و قرنیز","سالن ۳۸","۳۸۰۲",35.79064,51.40855,84
"مرکز طراحی پایدار","سایر صنعت ساختمان","رسانه تخصصی معماری و ساختمان","سالن ۴۴A","۴۴۱۴",35.7892,51.40965,78
"منجی ملل","سایر صنعت ساختمان","تولید کننده محصولات موتورخانه استخری","فضای باز ۳۱","OP۳۱۰۱.۲",35.79084,51.4116,84
"مهندسین مشاور شهرگسترشهریار","سایر صنعت ساختمان","خدمات مشاوره شهرسازی معماری و مطالعات امکان سنجی","سالن ۴۴A","۴۴۰۸",35.78896,51.40965,78
"مواد معدنی معصومی","سایر صنعت ساختمان","تولید مواد معدنی و صنعتی دانه بندی و مش","سالن ۴۰ بالا","۴۰۲۸",35.79112,51.4095,84
"موسسه حقوقی شماره هشت تهران","سایر صنعت ساختمان","توسعه کسب و کار","سالن ۳۵","۳۵۰۵",35.78972,51.4076,78
"موسسه مرجع ارتباطات","سایر صنعت ساختمان","کتاب مرجع ساختمان و تاسیسات","سالن ۳۱B","۳۱۱۰۹",35.79042,51.4112,78
"میهن کاوه ماهان","سایر صنعت ساختمان","شرکت پیمانکاری و مهندسین مشاور ساختمان","سالن ۳۸","۳۸۲۲",35.7904,51.4085,78
"نما چوب آذرخش","سایر صنعت ساختمان","چوب ترمو","سالن ۳۸B","۳۸۲۰۷",35.79064,51.4086,78
"نماپوشش شرق","سایر صنعت ساختمان","تولید کننده انواع محصولات مدرن ساختمانی","سالن ۴۴A","۴۴۱۹",35.78876,51.40975,84
"نوید ساختار بهینه","سایر صنعت ساختمان","شرکت دانش بنیان طراحی بهینه سازه های ساختمانی و صنعتی","فضای باز ۴۱","OP۴۴۱۰",35.78924,51.411,82
"نیواریارآریا","سایر صنعت ساختمان","تولید کننده تجهیزات اطفا حریق","سالن ۸ و ۹","۸۰۴",35.79188,51.4067,84
"نیکنام پروفیل آراد","سایر صنعت ساختمان","تولید سازه های کنافی سقف کاذب","سالن ۳۱A","۳۱۱۶",35.79088,51.4108,84
"وستا کمپینگ","سایر صنعت ساختمان","باربیکیو باغی بالکن روف گاردن","فضای باز ۳۱","OP۳۱۱۲",35.79116,51.41155,78
"ویرا آرتا صنعت ایرانیان","سایر صنعت ساختمان","تولید کننده پمپ های خانگی و شناور","فضای باز ۳۱","OP۳۱۱۱",35.79112,51.41155,84
"پارس پوشش صفه","سایر صنعت ساختمان","مصالح مقاوم در برابر شرایط جوی","سالن ۳۸","۳۸۱۰.۱",35.79032,51.4083,78
"پاسارگاد ماشین پرشیا جنوب","سایر صنعت ساختمان","تولید کننده بیل مکانیکی لودر و لیفتراک","فضای باز ۵","OP۵۰۶",35.7928,51.406,84
"پایبند صدر سازه","سایر صنعت ساختمان","تامین ساخت و نصب سازه های فلزی ساختمانی و صنعتی","سالن ۳۵","۳۵۱۷",35.7894,51.4075,78
"پرتو تجارت رایکا","سایر صنعت ساختمان","تولید کننده لباسکار ایمنی و اقلام حفاظت فردی","سالن ۴۴B","۴۴۲۱۲.۲",35.78892,51.4104,84
"پرشیا در پارت آسیا","سایر صنعت ساختمان","درهای اتوماتیک","سالن ۳۸B","۳۸۲۴۴",35.7904,51.40875,78
"پلاستونیک","سایر صنعت ساختمان","تولید مخازن و قطعات پلاستیکی","سالن ۸ و ۹","۸۲۳",35.79208,51.4069,84
"پلیمر هرمزبرکه","سایر صنعت ساختمان","تولید کننده مخازن پلی اتیلن موانع جاده ای سپتیک","فضای باز ۳۱","OP۳۱۰۲",35.7914,51.4118,84
"پودرسازان خلیج فارس","سایر صنعت ساختمان","تولید کننده پودر کربنات کلسیم","سالن ۴۰ بالا","۴۰۱۸",35.79128,51.40945,84
"پیچ و بام","سایر صنعت ساختمان","پیچ نوک مته","سالن ۳۸A","۳۸۱۱۲",35.78984,51.40805,78
"چکادبام سبز شهر","سایر صنعت ساختمان","روف گاردن و فضای سبز","سالن ۳۸B","۳۸۲۱۶",35.7904,51.40875,78
"ژئوشبکه پارسیان","سایر صنعت ساختمان","تولیدکننده ژئوگرید ژئوکامپوزیت و ژئوتکستایل","سالن ۳۵","۳۵۲۵",35.78932,51.4072,84
"کارا ماشین آرنا","سایر صنعت ساختمان","تولید کننده لیفتراک و تجهیزات انبارداری","فضای باز ۳۱","OP۳۱۰۶",35.79096,51.4114,84
"کاویان کالا","سایر صنعت ساختمان","حمل و نقل بین المللی","سالن ۴۴B","۴۴۲۱۳",35.789,51.41005,78
"کوشا اندیش شاهکار","سایر صنعت ساختمان","دستگاه های نظافت صنعتی","فضای باز ۳۱","OP۳۱۰۴.۱",35.79136,51.41175,78
"کیسان گستر تیناب","سایر صنعت ساختمان","تولید کننده وان جکوزی","سالن ۶","۶۱۰",35.79246,51.4077,84
"کیمیاکارپارت","سایر صنعت ساختمان","محصولات سنگی","سالن ۳۸A","۳۸۱۰۹",35.78988,51.40815,78
"گروه صنعتی قشونی","سایر صنعت ساختمان","تولید کننده انواع مقاطع توپر و توخالی برنجی","سالن ۸ و ۹","۸۲۶",35.79244,51.40695,84
"گروه چهارقرن","سایر صنعت ساختمان","تولید کننده ساپورت های تأسیساتی مدولار","سالن ۸ و ۹","۸۰۵",35.79192,51.40675,84
"گروه کارآفرینان صنایع داود","سایر صنعت ساختمان","تولید کننده ماشین آلات برش لیزر پرس برک جوش لیزر و روبات صنعتی","فضای باز ۳۱","OP۳۱۰۷",35.79132,51.41175,84
"گلچین صنعت پویا شمال","سایر صنعت ساختمان","تولید کننده لوازم نظافتی ابزار ساختمانی و محصولات پلاستیکی","سالن ۴۴B","۴۴۲۱۶",35.78892,51.41,84
"گیتی کالا ایرانیان","سایر صنعت ساختمان","شبکه فروش محصولات گیتی پسند","سالن ۸ و ۹","۸۰۱",35.79236,51.407,78
"یوزتک استیل","سایر صنعت ساختمان","طراحی و تولید باربیکیو های آیلند","سالن ۳۱A","۳۱۱۰.۱",35.79092,51.41075,84
"شرکت توسعه صنایع و معادن کوثر","سنگ و نما","تولید سنگ ساختمانی","سالن ۳۸A","۳۸۱۱۴",35.79004,51.4082,84
"صنایع سنگ ادیب والا","سنگ و نما","تامین و فروش انواع سنگ ساختمانی","سالن ۴۰ همکف","۴۰۰۱",35.79148,51.4091,78
"صنایع سنگ ایران مهر","سنگ و نما","تولید کننده تخصصی تراورتن عباس آباد","سالن ۳۱A","۳۱۰۲",35.79096,51.4106,84
"آرال","شیرآلات و بهداشتی","تولید کننده شیرآلات بهداشتی و ساختمانی","سالن ۷","۷۱۴",35.79226,51.4081,84
"بهسازان طرح سعادتی","شیرآلات و بهداشتی","تولید شیرالات ساختمانی","سالن ۳۱B","۳۱۱۱۴",35.7909,51.41105,84
"تحقیقاتی تولیدی صنعتی کویر آبان پارسیان","شیرآلات و بهداشتی","تولید کننده شیرآلات بهداشتی و سیستم های دوش حمام","سالن ۵","۵۱۶",35.79272,51.4072,84
"تولیدی صنعتی آریا آلیاژ گستر پارسیان","شیرآلات و بهداشتی","تولیدکننده لوله و اتصالات پنج لایه و شیرآلات برنجی","سالن ۸ و ۹","۸۱۲",35.79204,51.4069,84
"تولیدی فرپود","شیرآلات و بهداشتی","تولید کننده لوازم بهداشتی حمام آشپزخانه و شیرآلات","سالن ۲۷","۲۷۰۳",35.79102,51.40755,84
"تولیدی و صنعتی کلارپویا","شیرآلات و بهداشتی","تولید کننده شیرآلات بهداشتی اهرمی و مخازن آب سیفون فلزی","سالن ۵","۵۰۴",35.79248,51.40735,84
"رسام آتی نوین روز","شیرآلات و بهداشتی","آگهی نامه و تبلیغات شیرآلات و لوازم بهداشتی","سالن ۷","۷۰۵",35.7919,51.4084,78
"رهاب","شیرآلات و بهداشتی","تولید شیرآلات بهداشتی","سالن ۷","۷۰۱",35.79174,51.4084,84
"شرکت صنایع تولیدی شیرآلات صدرا","شیرآلات و بهداشتی","تولید کننده شیرآلات ساختمانی","سالن ۵","۵۲۵",35.79252,51.40725,84
"شیرآلات البرز روز","شیرآلات و بهداشتی","تولید کننده شیرآلات بهداشتی و ساختمانی","سالن ۳۱B","۳۱۱۰۲",35.79034,51.411,84
"شیرآلات بهداشتی جاوید استار","شیرآلات و بهداشتی","تولیدکننده شیرآلات بهداشتی و ساختمانی","سالن ۶","۶۰۸",35.7925,51.4079,84
"شیرآلات بهداشتی ساختمانی تیرداد","شیرآلات و بهداشتی","تولید انواع شیرآلات بهداشتی ساختمانی استاندارد","سالن ۷","۷۰۶",35.79198,51.4081,84
"شیرآلات بهداشتی و ساختمانی آئس","شیرآلات و بهداشتی","تولید کننده شیرآلات بهداشتی ساختمانی","سالن ۷","۷۱۵",35.79182,51.40815,84
"شیرآلات بهداشتی پیچک","شیرآلات و بهداشتی","تولیدکننده شیرآلات بهداشتی و ساختمانی","سالن ۶","۶۰۹",35.79254,51.40795,84
"شیرآلات بهشیر","شیرآلات و بهداشتی","تولید کننده شیرالات بهشیر","سالن ۸ و ۹","۸۱۰.۲",35.79212,51.4068,84
"شیرآلات ساختمانی نوبل","شیرآلات و بهداشتی","تولید کننده شیرالات ساختمانی","سالن ۳۸","۳۸۱۷",35.79036,51.40845,84
"شیرآلات هکوان","شیرآلات و بهداشتی","شیرآلات بهداشتی و ساختمانی","سالن ۶","۶۰۱",35.79246,51.40785,78
"شیرآلات پارس کریمی","شیرآلات و بهداشتی","تولید کننده شیرآلات بهداشتی ریخته گری تراشکاری","سالن ۷","۷۱۶",35.7921,51.4081,84
"شیرآلات پارسیان","شیرآلات و بهداشتی","تولید کننده و صادر کننده انواع شیرآلات توکار","سالن ۵","۵۰۲",35.79272,51.4072,84
"شیرالات کیان","شیرآلات و بهداشتی","تولید و فروش شیرالات بهداشتی ساختمانی","سالن ۷","۷۰۲",35.79226,51.40815,84
"صدف آذین آروند","شیرآلات و بهداشتی","طراح و تولیدکننده پنل دوش و شیرآلات بهداشتی","سالن ۷","۷۱۵.۱",35.79206,51.40845,84
"صنایع توسعه ساختمان آروشا","شیرآلات و بهداشتی","تولید کننده شیرآلات بهداشتی ساختمانی","سالن ۸ و ۹","۸۳۲",35.7924,51.4066,84
"صنایع تولیدی شیرآلات طاها","شیرآلات و بهداشتی","تولید کننده شیرآلات ساختمانی","سالن ۶","۶۰۳",35.79242,51.40765,84
"صنعت شیرآلات قهرمان","شیرآلات و بهداشتی","تولید شیرآلات بهداشتی","سالن ۲۷","۲۷۰۱",35.79102,51.4075,84
"مبنا محنا","شیرآلات و بهداشتی","شیرآلات بهداشتی","سالن ۸ و ۹","۸۳۱",35.79188,51.40665,78
"نوآوران زنجیره تامین پویا","شیرآلات و بهداشتی","تولید کننده اتصالات صنعتی و تامین شیرآلات لوله","فضای باز ۳۵","OP۳۵۰۸",35.78904,51.40695,84
"نوین تراش ایرانیان پارس","شیرآلات و بهداشتی","شیرآلات بهداشتی","سالن ۵","۵۰۱",35.7924,51.40725,78
"هدیه باران ایرانیان","شیرآلات و بهداشتی","تولید انواع فلاشتانک توکار تاچلس و شامپو باکس","سالن ۶","۶۰۴",35.79238,51.408,84
"پایا بسپار آریا","شیرآلات و بهداشتی","ویسپار تولیدکننده شیرآلات تخصصی، لوله و اتصالات پلیمری","سالن ۸ و ۹","۸۲۷",35.7918,51.407,84
"کیهان تجارت برنا","شیرآلات و بهداشتی","تولیدکننده شیرآلات بهداشتی ساختمانی","سالن ۲۷","۲۷۰۴",35.79146,51.4076,84
"گروه تولیدی آبان مهر","شیرآلات و بهداشتی","تولید کننده علم و پنل دوش تجهیزات بهداشتی","سالن ۶","۶۰۷",35.79226,51.4076,84
"گروه تولیدی صبا","شیرآلات و بهداشتی","تولید کننده فلاشتانک توکار روکار و اکسسوری بهداشتی","سالن ۵","۵۱۸",35.79268,51.40715,84
"گروه ساختمانی و تاسیساتی ساره","شیرآلات و بهداشتی","تولید لوله و اتصالات 5 لایه و شیرالات ساختمانی","فضای باز ۸ و ۹","OP۸۰۱",35.79248,51.4059,84
"اکسیر پیشبرد ساختمان","عایق و شیمی ساختمان","تولیدکننده فوم عایق XPS و محصولات دکوراتیو","سالن ۳۱A","۳۱۰۳",35.79104,51.41055,84
"ایده اوران نسل نو امروز","عایق و شیمی ساختمان","تولیدو پخش انواع چسب های ساختمانی","سالن ۴۰ بالا","۴۰۱۱",35.79144,51.4096,84
"ایمن صنعت تدبیر","عایق و شیمی ساختمان","تولیدکننده انواع چسب ساختمانی","سالن ۴۰ همکف","۴۰۱۰",35.7914,51.4091,84
"تانگیران","عایق و شیمی ساختمان","تولید مصالح پوشش سقف و نما شینگل","سالن ۴۰ همکف","۴۰۰۳",35.79172,51.40925,84
"توسعه صنایع هایکا","عایق و شیمی ساختمان","اولین تولید کننده میکروسمنت در ایران","سالن ۳۸","۳۸۰۵",35.79008,51.40845,84
"دقیق شیمی","عایق و شیمی ساختمان","تولید انواع چسب و مواد پلاستی سول","سالن ۳۸","۳۸۰۷.۱",35.79012,51.40855,84
"رنگ و پوشش نانو ساختار ژیکان","عایق و شیمی ساختمان","تولید رنگ و پوشش ساختمانی","سالن ۴۰ بالا","۴۰۲۱",35.79164,51.4096,84
"ستاره آبی صفاگستران","عایق و شیمی ساختمان","خرید و فروش انواع چسب","سالن ۴۰ بالا","۴۰۱۷",35.79152,51.40925,78
"شرکت آسمانه کنام پرچین","عایق و شیمی ساختمان","تولید پوشش پیشرفته سقف های شیبدار","فضای باز ۴۱","OP۴۴۰۸",35.78964,51.4108,84
"شرکت راهکار ساختمان اسپندار","عایق و شیمی ساختمان","تولید انواع چسب های پودری پایه سیمانی","سالن ۴۰ بالا","۴۰۱۶",35.79156,51.4094,84
"شرکت شیمیایی پلیمر افزون کاوه","عایق و شیمی ساختمان","تولید کننده چسب های صنعتی و ساختمانی و خمیرپیگمنت","سالن ۴۰ بالا","۴۰۲۴",35.7914,51.40945,84
"عایق گستر نانو بام","عایق و شیمی ساختمان","عایق کاری و ضدآب سازی ساختمان با عایق نانو","سالن ۴۰ بالا","۴۰۳۱",35.79112,51.40935,78
"فراز ماهان عایق پایدار","عایق و شیمی ساختمان","تولید کننده عایق الاستومریک","سالن ۳۵","۳۵۲۱",35.7894,51.4072,84
"مجموعه بتن ایران","عایق و شیمی ساختمان","تولید مواد شیمیایی ساختمان آببندی و مقاوم سازی بتن","سالن ۴۰ همکف","۴۰۰۴",35.79136,51.409,84
"مهندسین مشاور اثر مهرازان پایدار","عایق و شیمی ساختمان","تولید افزودنی بتن آببندی مقاوم سازی و آزمایشگاه غیر مخرب","سالن ۴۰ همکف","۴۰۰۶.۱",35.79128,51.4092,84
"میکافام سازه","عایق و شیمی ساختمان","تولید و فروش رنگ ساختمانی","سالن ۳۱A","۳۱۱۰.۲",35.7906,51.41055,84
"هورماناتایماز","عایق و شیمی ساختمان","تولید کننده انواع عایق های رطوبتی پوشش ها رنگ ها برپایه نانو","سالن ۴۰ بالا","۴۰۱۲",35.79148,51.4092,84
"پدیده ایلیا پارس","عایق و شیمی ساختمان","تولیدکننده پنل های پیش عایق","سالن ۳۸A","۳۸۱۱۵",35.79016,51.4083,84
"پویش کامپوزیت یکتا","عایق و شیمی ساختمان","تولید کننده چسب های اپوکسی دو جزئی صنعتی و ساختمانی","سالن ۳۱A","۳۱۲۲",35.79112,51.4108,84
"پیشتاز بتن فرتاک","عایق و شیمی ساختمان","تولید پانلهای عایق نما با بتن الیافی","سالن ۵","۵۱۴",35.79272,51.40705,84
"گروه صنعتی سانا عایق","عایق و شیمی ساختمان","تولید کننده انواع عایق های برودتی حرارتی فوم الاستومری و کانال گالوانیزه و عایق صوتی","سالن ۸ و ۹","۸۱۳",35.79208,51.40695,84
"گیلان میکا","عایق و شیمی ساختمان","تولید کننده و مجری پوشش های ضدحریق","سالن ۴۰ بالا","۴۰۱۴",35.791,51.4092,84
"آدرین اطلس ماندگار","فولاد و سازه","تولید کننده پانل های ساختمانی","سالن ۳۵","۳۵۲۰",35.78932,51.40755,84
"آريا تدبير پاژ","فولاد و سازه","طراحی تولید و اجرای سازه های سبک فولادی LSF","سالن ۳۵","۳۵۰۸",35.7894,51.40745,84
"آریابارون توس","فولاد و سازه","تولید انواع ساندویچ پانل سقفی دیواری سردخانه کانکس و سازه فلزی","سالن ۳۸B","۳۸۲۱۷",35.79076,51.40875,84
"آهن جهان عرفان","فولاد و سازه","تامین آهن آلات و مقاطع فولادی صنعتی و ساختمانی","سالن ۳۸A","۳۸۱۰۵.۱",35.7898,51.4081,78
"سازه پوشش","فولاد و سازه","تولید و صادرات ساندویچ پانل کانکس و ساختمان پیش ساخته","فضای باز ۳۸","OP۳۸۰۵",35.78984,51.4072,84
"سبک سازه بایرایرانیان","فولاد و سازه","نمایندگی فروش سقف و عرشه فولادی","سالن ۴۴A","۴۴۰۳",35.78868,51.40965,78
"شرکت بازرگانی گلستان فلز طبرستان","فولاد و سازه","حوزه فولاد و آهن آلات","سالن ۳۸A","۳۸۱۲۳",35.79032,51.4081,78
"شرکت تولیدی فولاد سپید فراب کویر","فولاد و سازه","تولید مقاطع طویل فولادی میلگرد شاخه و کلاف","سالن ۳۸A","۳۸۱۲۰",35.7902,51.40795,84
"شرکت صنعتی آرتاسوله","فولاد و سازه","طراحی ساخت و نصب انواع سازه های فولادی","سالن ۳۸A","۳۸۱۱۸",35.79012,51.4083,78
"شرکت فنی مهندسی افشار","فولاد و سازه","تولید دستگاه های ساندویچ پانل و ماشین آلات صنعتی","سالن ۳۵","۳۵۲۶",35.78936,51.40725,84
"صنعت تجارت پردیس آذربایجان","فولاد و سازه","تولیدکننده میلگرد در زنجیره فولاد","سالن ۴۰ همکف","۴۰۰۸",35.7916,51.40925,84
"فولاد کبیر پایا","فولاد و سازه","فرمینگ برش خمکاری محصولات فولادی","سالن ۳۸A","۳۸۱۱۶",35.79016,51.4082,78
"ماشین سازی فولاد برش","فولاد و سازه","تولید کننده دستگاه های خمکن خاموت زن برش میلگرد میکسر و بالابر","فضای باز ۷","OP۷۰۱",35.79292,51.4065,84
"مجتمع فولاد بافق","فولاد و سازه","تولید کننده انواع میلگرد آهن اسفنجی میلگرد کلاف","سالن ۳۸B","۳۸۲۲۳",35.79048,51.40875,84
"نسیم سرمایش ماهان گستر","فولاد و سازه","تولید انواع ساندویچ پانل","سالن ۳۵","۳۵۲۲",35.78968,51.40745,84
"نوآوران عمران سازه مانا","فولاد و سازه","ساندویچ پانل دیواری و سقفی با پنل اکسید منیزیم","سالن ۳۵","۳۵۱۰",35.78952,51.40735,78
"نوردکاران فولاد غرب آذرناب خاوری","فولاد و سازه","تولید کننده تخصصی ساندویچ پانل های پلی یورتان","سالن ۳۸B","۳۸۲۳۵",35.79068,51.4087,84
"پولادکف","فولاد و سازه","تولید کننده خرپای میلگردی شبکه میلگردی میلگرد شاخه و کلاف","سالن ۴۴B","۴۴۲۲۳",35.78888,51.4102,84
"کبیر پانل شکوهيه","فولاد و سازه","تولید کننده ساندویچ پانل سقفی و دیواری پلی اورتان","فضای باز ۴۴","OP۴۴۰۱",35.78852,51.41045,84
"گروه تولید و بازرگانی آسه تجارت آسیا","فولاد و سازه","تولیدکننده ساندویچ پانل های ساختمانی","سالن ۳۵","۳۵۲۴",35.78928,51.4075,84
"آدرین شیمی آروند","لوله و اتصالات","تولید نوار چسب عایق ضد خوردگی خطوط لوله","سالن ۴۰ همکف","۴۰۰۷",35.79128,51.40905,84
"آراد تجارت ایده نگر","لوله و اتصالات","ورق های پلیمری پوشش سقف سوله ساندویچ پانل و نورگیر","سالن ۳۸A","۳۸۱۱۵.۱",35.7902,51.4081,78
"اتصالات مکانیکی سهند پژوهش اساس","لوله و اتصالات","تولید اتصالات مکانیکی آرماتور","فضای باز ۴۱","OP۴۴۱۲",35.78948,51.4108,84
"اذربرزین جی سپاهان","لوله و اتصالات","تولیدی لوله و اتصالات فاضلابی تک لایه پلی اتیلن","سالن ۸ و ۹","۸۱۸",35.79204,51.407,84
"ارکاسازه بیستون پیشتاز","لوله و اتصالات","تولید کننده قالب پلیمری یوبوت وافل و لایت فوم","سالن ۴۴B","۴۴۲۰۲",35.78904,51.41,84
"انجمن تولیدکنندگان لوله و اتصالات پی وی سی","لوله و اتصالات","انجمن تولید کنندگان لوله و اتصالات پی وی سی","سالن ۷","۷۰۳",35.79194,51.4085,64
"بازرگانی صادقی","لوله و اتصالات","اتصالات آهنی","سالن ۳۸","۳۸۰۹",35.79016,51.40855,78
"تولیدی و صنعتی پلیمر گلپایگان","لوله و اتصالات","تولید کننده لوله و اتصالات پلیمری","سالن ۷","۷۱۳",35.79234,51.40825,84
"تولیدی پرسا","لوله و اتصالات","تولیدی اسپیسر و لوله","سالن ۳۵","۳۵۰۹",35.78964,51.4074,84
"جهان پلیمر سپاهان آرش","لوله و اتصالات","لوله و اتصالات","سالن ۸ و ۹","۸۰۶",35.7924,51.40665,78
"حامی آلیاژ آسیا","لوله و اتصالات","تولیدکننده فولادهای آلیاژی لوله پروفیل و سازه فلزی","سالن ۳۸A","۳۸۱۰۲",35.79024,51.40805,84
"درخشان تابان آریا","لوله و اتصالات","تولید کننده لوله و خرطومی برقی","سالن ۴۱ همکف","۴۱۰۶.۱",35.78976,51.40925,84
"زرد شمشال","لوله و اتصالات","تولید کننده انواع مقاطع و لوله های برنجی","سالن ۸ و ۹","۸۱۶",35.79216,51.4066,84
"سازه بستر آروشا","لوله و اتصالات","تولید کننده وال پست میلگرد بستر و اتصالات دیوار","فضای باز ۴۱","OP۴۴۰۹",35.78936,51.4108,84
"شرکت آذین فولاد سر آمد سپهر","لوله و اتصالات","تولید اتصالات چدنی گالوانیزه","سالن ۶","۶۰۶",35.7923,51.4077,84
"شرکت تولیدی صنعتی لوله و اتصالات نگاه نگین","لوله و اتصالات","تولید انواع لوله و اتصالات یو پی وی سی","سالن ۷","۷۱۰",35.79222,51.4085,84
"شرکت روگاگسترگیلان","لوله و اتصالات","صنایع لوله و اتصالات","سالن ۷","۷۱۸",35.7917,51.40815,78
"شرکت ستاره پلیمر گلپایگان","لوله و اتصالات","تولید لوله و اتصالات پی وی سی یو","سالن ۸ و ۹","۸۰۷",35.79196,51.4068,84
"شرکت لوله بیست بسپار اسپادانا","لوله و اتصالات","تولیدکننده لوله و اتصالات تک لایه و پنج لایه","سالن ۸ و ۹","۸۳۰",35.79184,51.40675,84
"شرکت لوله گستر خادمی","لوله و اتصالات","تولیدکننده انواع لوله و اتصالات پی وی سی و پلی اتیلن","سالن ۷","۷۰۴",35.79218,51.40845,84
"صبا پلیمر اسپادانا","لوله و اتصالات","تولید کننده لوله و اتصالات پی وی سی از سایز 20 تا 400 میلیمتر","سالن ۸ و ۹","۸۲۴",35.7924,51.4069,84
"صنایع ذوب آلیاژ نوین شمش","لوله و اتصالات","تولید کننده انواع مقاطع تو پر برنجی و لوله برنجی","سالن ۸ و ۹","۸۲۹",35.79204,51.40695,84
"صنایع پلیمرگسترعصرتهران","لوله و اتصالات","تولید لوله","سالن ۸ و ۹","۸۱۰",35.79224,51.4067,84
"فولاد صنعت امین ماهان","لوله و اتصالات","تولید کننده اتصالات جوشی گازرسانی و آتش نشانی","سالن ۸ و ۹","۸۰۹",35.792,51.40695,84
"لوله و اتصالات یزدان پلیمر","لوله و اتصالات","تولید لوله و اتصالات پلیکا برای فاضلابی و هواکشی ساختمان و آبیاری کشاورزی","سالن ۸ و ۹","۸۰۸",35.792,51.40685,84
"مجتمع تولیدی صنعتی حقی","لوله و اتصالات","تولید لوله و اتصالات پلیمری","سالن ۷","۷۱۱",35.7917,51.40835,84
"ناردین پلیمر اسپادانا","لوله و اتصالات","تولید کننده لوله و اتصالات سخت پی وی سی","سالن ۸ و ۹","۸۲۲",35.79236,51.40685,84
"نصر بسپار سپاهان","لوله و اتصالات","تولید کننده لوله و اتصالات تک لایه سه لایه و پنج لایه","سالن ۸ و ۹","۸۲۸",35.79184,51.4066,84
"نفیس گستر نقش جهان","لوله و اتصالات","تولید کننده لوله و اتصالات پنج لایه و تک لایه","سالن ۸ و ۹","۸۱۴",35.79212,51.407,84
"نواپلاست پرند","لوله و اتصالات","تولید کننده لوله و اتصالات پوش فیت و چسبی یو پی وی سی","سالن ۸ و ۹","۸۱۱",35.79196,51.40675,84
"وینوپلاستیک","لوله و اتصالات","تولید کننده لوله و اتصالات یو پی وی سی و سی پی وی سی و ورق سایدینگ","سالن ۸ و ۹","۸۲۱",35.79232,51.4068,84
"پدیده پایدار صنعت ساختمان گروه صنعتی گلرنگ","لوله و اتصالات","تولید دیوارهای سبک بتنی با الیاف پلیمری والکریت","سالن ۴۴A","۴۴۱۰",35.78864,51.40985,84
"پی وی سی آذر اتصال","لوله و اتصالات","تولید کننده لوله و اتصالات پلیکا فاضلابی","سالن ۸ و ۹","۸۰۳",35.79184,51.40665,84
"کیمیا بتن قزوین","لوله و اتصالات","تولید خانه های پیش ساخته بتنی قطعات بتنی لوله و قالب","فضای باز ۳۵","OP۳۵۱۳",35.78964,51.40685,84
"گروه صنعتی رنگین فلز اسپادانا","لوله و اتصالات","تولید مقاطع برنجی لوله شش پر میلگرد","سالن ۷","۷۰۷",35.79174,51.4082,84
"گروه صنعتی عرفان","لوله و اتصالات","تولید اتصالات گالوانیزه و برنجی","سالن ۷","۷۰۸",35.7923,51.4082,84
"گلین لعل","لوله و اتصالات","تولیدکننده لوله و اتصالات پی وی سی","سالن ۸ و ۹","۸۱۹",35.79224,51.4067,84
"آشکار ساز صنعت ایمنی","هوشمندسازی","تولید کننده سیستم اعلام حریق","سالن ۴۱ همکف","۴۱۰۷.۱",35.79012,51.4095,84
"آینده سازان و ایده پردازان نسل توسعه الکترونیک","هوشمندسازی","هوشمند سازی ساختمان","سالن ۴۴A","۴۴۰۴",35.7886,51.4098,78
"الکترونیک کاران","هوشمندسازی","دزدگیر اماکن و خانه هوشمند","سالن ۴۱ بالا","۴۱۱۴",35.78992,51.4096,78
"ایده پردازان توسعه انرژی آترون","هوشمندسازی","خانه هوشمند","سالن ۴۱ بالا","۴۱۲۱",35.78996,51.4096,78
"بوژان آشیانه سازان هوشمند","هوشمندسازی","هوشمندسازی ساختمان","سالن ۳۱A","۳۱۰۴",35.791,51.41065,78
"ساختمان هوشمند لوتوس","هوشمندسازی","ساختمان هوشمند","سالن ۳۱A","۳۱۰۸",35.791,51.41075,78
"سامانه های هوشمند پردازش سبز","هوشمندسازی","تولید کننده تجهیزات هوشمند سازی و کنترل تردد خودرو","سالن ۳۸B","۳۸۲۳۴",35.79084,51.4088,84
"شرکت هوشمند بنیان بهاران","هوشمندسازی","سیستم های هوشمند ، خانه هوشمند","سالن ۴۱ همکف","۴۱۰۴",35.78992,51.4095,78
"شرکت یکتا هوش ایرسا","هوشمندسازی","تولید تجهیزات هوشمند سازی ساختمان","سالن ۴۱ همکف","۴۱۰۷",35.79012,51.40925,84
"فناوران انرژی سبز درخشان","هوشمندسازی","خانه هوشمند دوربین اعلام حریق کنترل تردد و صوت","سالن ۳۱A","۳۱۱۰",35.79124,51.41075,78
"فناوری سانا پژوهش گستر","هوشمندسازی","تولید کننده سیستم های اعلام حریق","سالن ۴۱ بالا","۴۱۲۷",35.78968,51.40965,84
"مشاوران گسترش ارتباطات و فناوری اطلاعات یاکند","هوشمندسازی","هوشمندسازی ساختمان","سالن ۴۴B","۴۴۲۰۳",35.78888,51.41035,78
"هوشمند ابنیه فامور","هوشمندسازی","مهندسی تامین و اجرای ساختمان هوشمند","سالن ۳۸","۳۸۰۴",35.79,51.4086,78
"هوشمند سازی ساختمان میرای","هوشمندسازی","هوشمند سازی ساختمان","سالن ۳۱A","۳۱۱۲",35.79092,51.41075,78
"هوشمندسازان چیره","هوشمندسازی","تجهیزات هوشمند خانگی","سالن ۳۸B","۳۸۲۰۵",35.7906,51.40875,78
"پارلار ایمن هوشمند","هوشمندسازی","خانه هوشمند","سالن ۳۵","۳۵۰۲",35.78948,51.4072,78
"کنترل بهین آفاق","هوشمندسازی","تولیدکننده دانش بنیان محصولات خانه هوشمند","سالن ۴۴A","۴۴۰۹",35.78884,51.4098,88
"گروه تولیدی تیما","هوشمندسازی","تولیدکننده کابینت روشویی و آینه هوشمند","سالن ۶","۶۱۳",35.7923,51.4076,84
"الگانته","کاشی و چینی بهداشتی","تولید روشویی کابینتی پی وی سی ضدآب","سالن ۸ و ۹","۸۱۷",35.7922,51.40665,84
"اوج سرام طرح","کاشی و چینی بهداشتی","کاشی و سرامیک","سالن ۳۸","۳۸۱۸",35.79024,51.4082,78
"ایفاسرام","کاشی و چینی بهداشتی","تولید کننده کاشی و سرامیک","سالن ۶","۶۱۵",35.79266,51.40765,84
"ایگل هرمس خاورمیانه","کاشی و چینی بهداشتی","عمده فروشی کاشی و سرامیک و مصالح بهداشتی","سالن ۳۸","۳۸۲۵",35.79044,51.40855,78
"باراد الوند آرتان","کاشی و چینی بهداشتی","طراحی تولید فروش کابینت های روشویی","سالن ۵","۵۱۰",35.79256,51.407,84
"بالانس پلاست","کاشی و چینی بهداشتی","تولید همتراز و ملزومات نصب کاشی وسرامیک","سالن ۶","۶۰۶.۱",35.79254,51.4079,84
"سانا آپادانا ایرانیان","کاشی و چینی بهداشتی","اولین تولید کننده سرامیک های پرسلانی اسلب در ایران","سالن ۳۸","۳۸۲۳",35.7902,51.4086,84
"ستاره آرتام درخشان دینوکل","کاشی و چینی بهداشتی","تولیدکننده تخصصی چسب های پودری کاشی و سرامیک","سالن ۳۸","۳۸۱۰",35.79008,51.40825,84
"سرام پخش سورن","کاشی و چینی بهداشتی","تولید و توزیع کاشی و سرامیک","سالن ۶","۶۱۰.۱",35.79242,51.40785,84
"سهند شیمی آران","کاشی و چینی بهداشتی","تولید کننده انواع چسب کاشی مواد آب بندی و پودر بندکشی","سالن ۴۰ همکف","۴۰۰۶",35.79168,51.4091,84
"شرکت لوتوس سرام پاسارگاد","کاشی و چینی بهداشتی","تولید چینی بهداشتی (تولید انواع توالت)","سالن ۸ و ۹","۸۰۲",35.7918,51.4066,84
"شرکت مهندسی روهین تراش","کاشی و چینی بهداشتی","تولید کننده همتراز نوار کنج اسپیسر بند کاشی","سالن ۴۴B","۴۴۲۲۳.۱",35.789,51.41035,84
"شیمیایی آژن شیمی کارا","کاشی و چینی بهداشتی","تولید کننده افزودنی بتن و چسب کاشی","سالن ۴۰ بالا","۴۰۲۰",35.79156,51.4093,84
"صنعت شیمی ساختمان","کاشی و چینی بهداشتی","چسب کاشی چسب بتن واترپروف گروت و افزودنی بتن","سالن ۴۰ بالا","۴۰۱۵",35.79104,51.4096,78
"لوکو","کاشی و چینی بهداشتی","تولید و پخش دستگیره کابینت آبچکان و سوپری","سالن ۴۴B","۴۴۲۰۴",35.78888,51.4102,84
"نیکس کابین","کاشی و چینی بهداشتی","تولید کابین و کاسه روشویی","سالن ۵","۵۱۴.۱",35.7926,51.4074,84
"هدف ماهرساخت کریمان","کاشی و چینی بهداشتی","تولید کننده چسب کاشی","سالن ۴۴B","۴۴۲۱۲.۱",35.78904,51.4101,84
"همتراز","کاشی و چینی بهداشتی","تولید کننده ملزومات نصب کاشی و سرامیک","سالن ۵","۵۰۶",35.79296,51.40725,84
"ویتا","کاشی و چینی بهداشتی","کابینت روشویی بهداشتی","سالن ۳۸","۳۸۰۱",35.79052,51.4085,78
"پایا سپهر الوند","کاشی و چینی بهداشتی","تولید کننده کابینت روشویی پی وی سی با برند لوکس کابین و هایلوکس","سالن ۶","۶۱۲",35.79262,51.4076,84
"چوب آوران","کاشی و چینی بهداشتی","تولید کننده لوازم چوبی مبلمان پارکت و کابینت","سالن ۴۴B","۴۴۲۰۹",35.78892,51.41005,84
"کارپردازان دارکوب راش","کاشی و چینی بهداشتی","تولید کننده کمد و کابینت","سالن ۳۸B","۳۸۲۰۱",35.79076,51.4089,84
"کاکتوس صنعت کویر ایرانیان","کاشی و چینی بهداشتی","تولید کننده کابین روشویی","سالن ۳۱B","۳۱۱۱۱",35.79094,51.4109,84
"گروه تولیدی هامی","کاشی و چینی بهداشتی","تولید کننده دستگیره و یراق الات کابینت","سالن ۴۴B","۴۴۲۱۷",35.78896,51.41005,84
"گروه صنعتی لاکچری کابین","کاشی و چینی بهداشتی","تولیدکننده انواع کابینت روشویی","سالن ۲۷","۲۷۰۲",35.79114,51.40765,84
"گروه صنعتی لیزاکو","کاشی و چینی بهداشتی","تولید کننده کابین روشویی بهداشتی","سالن ۳۱B","۳۱۱۰۵",35.79038,51.41105,84
"گروه صنعتی ویترکس","کاشی و چینی بهداشتی","تولید کننده همتراز کاشی اسپیسر و اسکوپ سنگ","سالن ۸ و ۹","۸۱۱.۱",35.79204,51.4069,84
"آروین گستر بارز ارومیه","یراق‌آلات","یراق آلات","سالن ۴۴B","۴۴۲۱۱",35.78888,51.4104,78
"آلتین کلید سلماس","یراق‌آلات","تولید کننده قفل و دستگیره","سالن ۳۸B","۳۸۲۳۱",35.79084,51.4089,84
"شرکت تعاونی تولیدی قطعه فن آوران بابل","یراق‌آلات","تولید قفل و لولا","سالن ۴۴B","۴۴۲۱۰",35.78932,51.4103,84
"شرکت فنی مهندسی زیباآشیان پارس","یراق‌آلات","تولید یراق آلات و نصب و اجرای نمای خشک","سالن ۳۸A","۳۸۱۱۳",35.79,51.40815,84
"ماندگار یراق پارسه","یراق‌آلات","تولید کننده دستگیره های دیجیتال","سالن ۴۴B","۴۴۲۱۸",35.789,51.4101,84
"کوبه تجارت مبین","یراق‌آلات","یراق آلات","سالن ۴۴B","۴۴۲۱۹",35.78904,51.41015,78
"گروه فنی مهندسی حمیدان پور","یراق‌آلات","تولید کننده انواع قفل","سالن ۴۴B","۴۴۲۰۵",35.7888,51.4103,84